{
  "train_loss": [
    2.0615137485357433,
    1.9995998388681657,
    1.947747106735523,
    1.8885533204445473,
    1.84310882519453,
    1.998035904383048,
    1.9586494690332656,
    1.8789230465888977,
    1.9123207908410293,
    1.8912606138449448,
    1.980960979217138,
    1.7680890480677287,
    1.8865831417915149,
    2.0430755080320897,
    1.9745610875961108,
    1.8813297858605018,
    1.8020054667423933,
    1.9140394895504682,
    2.043518669788654,
    1.8920666343126542,
    1.9301192360046582,
    1.8838168452947568,
    1.8150724979547355,
    1.975347525645525,
    1.9182314643493066,
    1.8555698290849343,
    1.8149797751353338,
    1.8766021630702874,
    1.9662002071356162,
    1.8058216024667788,
    1.7188594891474798,
    1.8071211053774907,
    1.7627497544655433,
    1.8748075855083954,
    1.7541709637030578
  ],
  "val_loss": [
    1.7237220129013062,
    1.727655390548706,
    1.7213294620513917,
    1.718046220970154,
    1.7252663078308106,
    1.7193443996429443,
    1.7127774620056153,
    1.7120781259536744,
    1.7147957773208617,
    1.7119588737487792,
    1.7159108585357665,
    1.7133208747863768,
    1.7208342777252197,
    1.7077006618499755,
    1.7084520975112916,
    1.7066570003509522,
    1.7077099586486817,
    1.7015511402130128,
    1.7083421646118164,
    1.7059702642440795,
    1.700706381225586,
    1.6949766201019287,
    1.7012943782806396,
    1.6993525722503662,
    1.6980592823028564,
    1.698586809539795,
    1.6953014148712158,
    1.6950290794372558,
    1.6941444366455078,
    1.6933430267333984,
    1.697594529914856,
    1.6940421951293945,
    1.6930435691833496,
    1.694674984550476,
    1.6952119525909424
  ],
  "train_acc": [
    43.20913461538461,
    42.780448717948715,
    41.927083333333336,
    43.22315705128205,
    41.6786858974359,
    40.21634615384615,
    42.473958333333336,
    42.25360576923077,
    41.97315705128205,
    42.45793269230769,
    40.05008012820513,
    43.18509615384615,
    40.651041666666664,
    38.547676282051285,
    41.640625,
    48.024839743589745,
    46.37820512820513,
    45.80929487179487,
    40.334535256410255,
    41.484375,
    41.71073717948718,
    42.546073717948715,
    44.02644230769231,
    41.77884615384615,
    44.00841346153846,
    42.13741987179487,
    48.32532051282051,
    44.73758012820513,
    47.28365384615385,
    43.591746794871796,
    52.76842948717949,
    44.77163461538461,
    47.74038461538461,
    45.79126602564103,
    49.453125
  ],
  "val_acc": [
    71.30999995117187,
    71.34999989013671,
    71.83999991455079,
    71.72999997558594,
    71.21999986572266,
    71.43999997558593,
    71.6000000366211,
    71.76999991455078,
    71.48999986572265,
    71.68999991455078,
    71.71999997558594,
    71.95999992675782,
    71.61999992675781,
    71.97999987792969,
    72.02999992675781,
    71.93999991455078,
    72.2900000366211,
    71.95999986572265,
    71.7999999267578,
    72.08999991455079,
    72.26999992675782,
    72.31999993896484,
    72.07000002441406,
    72.32999997558593,
    72.03999992675782,
    72.55999987792968,
    72.62999989013672,
    72.64999993896484,
    72.57999993896485,
    72.6899998779297,
    72.67999987792969,
    72.72999993896484,
    72.66999998779296,
    72.85999989013672,
    72.77999989013672
  ]
}